{"stats":{"minecraft:custom":{"minecraft:jump":58,"minecraft:time_since_rest":15386,"minecraft:walk_on_water_one_cm":1036,"minecraft:sprint_one_cm":2038,"minecraft:crouch_one_cm":542,"minecraft:deaths":2,"minecraft:play_time":18446,"minecraft:damage_taken":510,"minecraft:time_since_death":15352,"minecraft:walk_one_cm":9351,"minecraft:sneak_time":1091,"minecraft:walk_under_water_one_cm":8886,"minecraft:total_world_time":21085,"minecraft:fall_one_cm":1637,"minecraft:fly_one_cm":199439},"minecraft:killed_by":{"alexsmobs:tiger":2},"minecraft:picked_up":{"everlastingabilities:ability_bottle":1}},"DataVersion":2975}